AÑO,ENTIDAD,EDAD,SEXO,POBLACION
2001,Zacatecas,3,Hombres,17264
2001,Zacatecas,3,Mujeres,16666
2001,Zacatecas,4,Hombres,17105
2001,Zacatecas,4,Mujeres,16494
2001,Zacatecas,5,Hombres,17049
2001,Zacatecas,5,Mujeres,16421
2001,Zacatecas,6,Hombres,17316
2001,Zacatecas,6,Mujeres,16656
2001,Zacatecas,7,Hombres,17535
2001,Zacatecas,7,Mujeres,16871
2001,Zacatecas,8,Hombres,17652
2001,Zacatecas,8,Mujeres,17011
2001,Zacatecas,9,Hombres,17673
2001,Zacatecas,9,Mujeres,17066
2001,Zacatecas,10,Hombres,17566
2001,Zacatecas,10,Mujeres,17012
2001,Zacatecas,11,Hombres,17336
2001,Zacatecas,11,Mujeres,16861
2001,Zacatecas,12,Hombres,17059
2001,Zacatecas,12,Mujeres,16681
2001,Zacatecas,13,Hombres,16752
2001,Zacatecas,13,Mujeres,16496
2001,Zacatecas,14,Hombres,16377
2001,Zacatecas,14,Mujeres,16286
2001,Zacatecas,15,Hombres,15893
2001,Zacatecas,15,Mujeres,16028
2001,Zacatecas,16,Hombres,15249
2001,Zacatecas,16,Mujeres,15689
2001,Zacatecas,17,Hombres,14438
2001,Zacatecas,17,Mujeres,15250
2001,Zacatecas,18,Hombres,13536
2001,Zacatecas,18,Mujeres,14741
2001,Zacatecas,19,Hombres,12643
2001,Zacatecas,19,Mujeres,14208
2001,Zacatecas,20,Hombres,11843
2001,Zacatecas,20,Mujeres,13688
2001,Zacatecas,21,Hombres,11181
2001,Zacatecas,21,Mujeres,13217
2001,Zacatecas,22,Hombres,10665
2001,Zacatecas,22,Mujeres,12804
2001,Zacatecas,23,Hombres,10290
2001,Zacatecas,23,Mujeres,12462
2001,Zacatecas,24,Hombres,10047
2001,Zacatecas,24,Mujeres,12193
2001,Zacatecas,25,Hombres,9892
2001,Zacatecas,25,Mujeres,11965
2001,Zacatecas,26,Hombres,9766
2001,Zacatecas,26,Mujeres,11727
2001,Zacatecas,27,Hombres,9629
2001,Zacatecas,27,Mujeres,11447
2001,Zacatecas,28,Hombres,9480
2001,Zacatecas,28,Mujeres,11136
2001,Zacatecas,29,Hombres,9320
2001,Zacatecas,29,Mujeres,10813
2001,Zacatecas,30,Hombres,9149
2001,Zacatecas,30,Mujeres,10491
2002,Zacatecas,3,Hombres,17183
2002,Zacatecas,3,Mujeres,16588
2002,Zacatecas,4,Hombres,16931
2002,Zacatecas,4,Mujeres,16335
2002,Zacatecas,5,Hombres,16784
2002,Zacatecas,5,Mujeres,16182
2002,Zacatecas,6,Hombres,16986
2002,Zacatecas,6,Mujeres,16360
2002,Zacatecas,7,Hombres,17210
2002,Zacatecas,7,Mujeres,16577
2002,Zacatecas,8,Hombres,17368
2002,Zacatecas,8,Mujeres,16754
2002,Zacatecas,9,Hombres,17458
2002,Zacatecas,9,Mujeres,16871
2002,Zacatecas,10,Hombres,17457
2002,Zacatecas,10,Mujeres,16911
2002,Zacatecas,11,Hombres,17304
2002,Zacatecas,11,Mujeres,16826
2002,Zacatecas,12,Hombres,17018
2002,Zacatecas,12,Mujeres,16636
2002,Zacatecas,13,Hombres,16686
2002,Zacatecas,13,Mujeres,16418
2002,Zacatecas,14,Hombres,16326
2002,Zacatecas,14,Mujeres,16199
2002,Zacatecas,15,Hombres,15891
2002,Zacatecas,15,Mujeres,15950
2002,Zacatecas,16,Hombres,15332
2002,Zacatecas,16,Mujeres,15646
2002,Zacatecas,17,Hombres,14620
2002,Zacatecas,17,Mujeres,15267
2002,Zacatecas,18,Hombres,13767
2002,Zacatecas,18,Mujeres,14798
2002,Zacatecas,19,Hombres,12864
2002,Zacatecas,19,Mujeres,14279
2002,Zacatecas,20,Hombres,12007
2002,Zacatecas,20,Mujeres,13751
2002,Zacatecas,21,Hombres,11265
2002,Zacatecas,21,Mujeres,13251
2002,Zacatecas,22,Hombres,10669
2002,Zacatecas,22,Mujeres,12805
2002,Zacatecas,23,Hombres,10219
2002,Zacatecas,23,Mujeres,12423
2002,Zacatecas,24,Hombres,9911
2002,Zacatecas,24,Mujeres,12112
2002,Zacatecas,25,Hombres,9727
2002,Zacatecas,25,Mujeres,11871
2002,Zacatecas,26,Hombres,9628
2002,Zacatecas,26,Mujeres,11676
2002,Zacatecas,27,Hombres,9554
2002,Zacatecas,27,Mujeres,11471
2002,Zacatecas,28,Hombres,9467
2002,Zacatecas,28,Mujeres,11226
2002,Zacatecas,29,Hombres,9357
2002,Zacatecas,29,Mujeres,10949
2002,Zacatecas,30,Hombres,9225
2002,Zacatecas,30,Mujeres,10654
2003,Zacatecas,3,Hombres,17095
2003,Zacatecas,3,Mujeres,16509
2003,Zacatecas,4,Hombres,16863
2003,Zacatecas,4,Mujeres,16281
2003,Zacatecas,5,Hombres,16621
2003,Zacatecas,5,Mujeres,16044
2003,Zacatecas,6,Hombres,16693
2003,Zacatecas,6,Mujeres,16106
2003,Zacatecas,7,Hombres,16860
2003,Zacatecas,7,Mujeres,16268
2003,Zacatecas,8,Hombres,17028
2003,Zacatecas,8,Mujeres,16452
2003,Zacatecas,9,Hombres,17162
2003,Zacatecas,9,Mujeres,16608
2003,Zacatecas,10,Hombres,17231
2003,Zacatecas,10,Mujeres,16708
2003,Zacatecas,11,Hombres,17190
2003,Zacatecas,11,Mujeres,16720
2003,Zacatecas,12,Hombres,16992
2003,Zacatecas,12,Mujeres,16604
2003,Zacatecas,13,Hombres,16659
2003,Zacatecas,13,Mujeres,16384
2003,Zacatecas,14,Hombres,16283
2003,Zacatecas,14,Mujeres,16138
2003,Zacatecas,15,Hombres,15871
2003,Zacatecas,15,Mujeres,15887
2003,Zacatecas,16,Hombres,15365
2003,Zacatecas,16,Mujeres,15596
2003,Zacatecas,17,Hombres,14736
2003,Zacatecas,17,Mujeres,15255
2003,Zacatecas,18,Hombres,13973
2003,Zacatecas,18,Mujeres,14845
2003,Zacatecas,19,Hombres,13110
2003,Zacatecas,19,Mujeres,14363
2003,Zacatecas,20,Hombres,12235
2003,Zacatecas,20,Mujeres,13847
2003,Zacatecas,21,Hombres,11430
2003,Zacatecas,21,Mujeres,13335
2003,Zacatecas,22,Hombres,10751
2003,Zacatecas,22,Mujeres,12858
2003,Zacatecas,23,Hombres,10221
2003,Zacatecas,23,Mujeres,12439
2003,Zacatecas,24,Hombres,9836
2003,Zacatecas,24,Mujeres,12083
2003,Zacatecas,25,Hombres,9589
2003,Zacatecas,25,Mujeres,11800
2003,Zacatecas,26,Hombres,9461
2003,Zacatecas,26,Mujeres,11591
2003,Zacatecas,27,Hombres,9416
2003,Zacatecas,27,Mujeres,11427
2003,Zacatecas,28,Hombres,9389
2003,Zacatecas,28,Mujeres,11256
2003,Zacatecas,29,Hombres,9342
2003,Zacatecas,29,Mujeres,11044
2003,Zacatecas,30,Hombres,9262
2003,Zacatecas,30,Mujeres,10795
2004,Zacatecas,3,Hombres,16887
2004,Zacatecas,3,Mujeres,16337
2004,Zacatecas,4,Hombres,16777
2004,Zacatecas,4,Mujeres,16223
2004,Zacatecas,5,Hombres,16549
2004,Zacatecas,5,Mujeres,16004
2004,Zacatecas,6,Hombres,16493
2004,Zacatecas,6,Mujeres,15950
2004,Zacatecas,7,Hombres,16540
2004,Zacatecas,7,Mujeres,15998
2004,Zacatecas,8,Hombres,16659
2004,Zacatecas,8,Mujeres,16134
2004,Zacatecas,9,Hombres,16806
2004,Zacatecas,9,Mujeres,16299
2004,Zacatecas,10,Hombres,16921
2004,Zacatecas,10,Mujeres,16435
2004,Zacatecas,11,Hombres,16959
2004,Zacatecas,11,Mujeres,16512
2004,Zacatecas,12,Hombres,16880
2004,Zacatecas,12,Mujeres,16500
2004,Zacatecas,13,Hombres,16641
2004,Zacatecas,13,Mujeres,16360
2004,Zacatecas,14,Hombres,16267
2004,Zacatecas,14,Mujeres,16117
2004,Zacatecas,15,Hombres,15837
2004,Zacatecas,15,Mujeres,15841
2004,Zacatecas,16,Hombres,15353
2004,Zacatecas,16,Mujeres,15550
2004,Zacatecas,17,Hombres,14772
2004,Zacatecas,17,Mujeres,15222
2004,Zacatecas,18,Hombres,14087
2004,Zacatecas,18,Mujeres,14849
2004,Zacatecas,19,Hombres,13304
2004,Zacatecas,19,Mujeres,14424
2004,Zacatecas,20,Hombres,12463
2004,Zacatecas,20,Mujeres,13942
2004,Zacatecas,21,Hombres,11637
2004,Zacatecas,21,Mujeres,13439
2004,Zacatecas,22,Hombres,10896
2004,Zacatecas,22,Mujeres,12948
2004,Zacatecas,23,Hombres,10284
2004,Zacatecas,23,Mujeres,12495
2004,Zacatecas,24,Hombres,9821
2004,Zacatecas,24,Mujeres,12102
2004,Zacatecas,25,Hombres,9502
2004,Zacatecas,25,Mujeres,11774
2004,Zacatecas,26,Hombres,9314
2004,Zacatecas,26,Mujeres,11523
2004,Zacatecas,27,Hombres,9241
2004,Zacatecas,27,Mujeres,11346
2004,Zacatecas,28,Hombres,9244
2004,Zacatecas,28,Mujeres,11217
2004,Zacatecas,29,Hombres,9259
2004,Zacatecas,29,Mujeres,11077
2004,Zacatecas,30,Hombres,9243
2004,Zacatecas,30,Mujeres,10892
2005,Zacatecas,3,Hombres,16615
2005,Zacatecas,3,Mujeres,16132
2005,Zacatecas,4,Hombres,16605
2005,Zacatecas,4,Mujeres,16114
2005,Zacatecas,5,Hombres,16489
2005,Zacatecas,5,Mujeres,16000
2005,Zacatecas,6,Hombres,16423
2005,Zacatecas,6,Mujeres,15937
2005,Zacatecas,7,Hombres,16354
2005,Zacatecas,7,Mujeres,15873
2005,Zacatecas,8,Hombres,16362
2005,Zacatecas,8,Mujeres,15901
2005,Zacatecas,9,Hombres,16462
2005,Zacatecas,9,Mujeres,16017
2005,Zacatecas,10,Hombres,16594
2005,Zacatecas,10,Mujeres,16162
2005,Zacatecas,11,Hombres,16682
2005,Zacatecas,11,Mujeres,16278
2005,Zacatecas,12,Hombres,16685
2005,Zacatecas,12,Mujeres,16335
2005,Zacatecas,13,Hombres,16566
2005,Zacatecas,13,Mujeres,16298
2005,Zacatecas,14,Hombres,16282
2005,Zacatecas,14,Mujeres,16132
2005,Zacatecas,15,Hombres,15851
2005,Zacatecas,15,Mujeres,15854
2005,Zacatecas,16,Hombres,15350
2005,Zacatecas,16,Mujeres,15537
2005,Zacatecas,17,Hombres,14792
2005,Zacatecas,17,Mujeres,15206
2005,Zacatecas,18,Hombres,14157
2005,Zacatecas,18,Mujeres,14845
2005,Zacatecas,19,Hombres,13452
2005,Zacatecas,19,Mujeres,14455
2005,Zacatecas,20,Hombres,12691
2005,Zacatecas,20,Mujeres,14027
2005,Zacatecas,21,Hombres,11902
2005,Zacatecas,21,Mujeres,13559
2005,Zacatecas,22,Hombres,11144
2005,Zacatecas,22,Mujeres,13078
2005,Zacatecas,23,Hombres,10476
2005,Zacatecas,23,Mujeres,12613
2005,Zacatecas,24,Hombres,9937
2005,Zacatecas,24,Mujeres,12190
2005,Zacatecas,25,Hombres,9544
2005,Zacatecas,25,Mujeres,11829
2005,Zacatecas,26,Hombres,9286
2005,Zacatecas,26,Mujeres,11538
2005,Zacatecas,27,Hombres,9152
2005,Zacatecas,27,Mujeres,11322
2005,Zacatecas,28,Hombres,9124
2005,Zacatecas,28,Mujeres,11179
2005,Zacatecas,29,Hombres,9161
2005,Zacatecas,29,Mujeres,11077
2005,Zacatecas,30,Hombres,9200
2005,Zacatecas,30,Mujeres,10960
2006,Zacatecas,3,Hombres,16416
2006,Zacatecas,3,Mujeres,16002
2006,Zacatecas,4,Hombres,16421
2006,Zacatecas,4,Mujeres,16007
2006,Zacatecas,5,Hombres,16405
2006,Zacatecas,5,Mujeres,15987
2006,Zacatecas,6,Hombres,16438
2006,Zacatecas,6,Mujeres,16010
2006,Zacatecas,7,Hombres,16365
2006,Zacatecas,7,Mujeres,15940
2006,Zacatecas,8,Hombres,16262
2006,Zacatecas,8,Mujeres,15857
2006,Zacatecas,9,Hombres,16253
2006,Zacatecas,9,Mujeres,15863
2006,Zacatecas,10,Hombres,16341
2006,Zacatecas,10,Mujeres,15959
2006,Zacatecas,11,Hombres,16447
2006,Zacatecas,11,Mujeres,16087
2006,Zacatecas,12,Hombres,16504
2006,Zacatecas,12,Mujeres,16183
2006,Zacatecas,13,Hombres,16466
2006,Zacatecas,13,Mujeres,16213
2006,Zacatecas,14,Hombres,16301
2006,Zacatecas,14,Mujeres,16146
2006,Zacatecas,15,Hombres,15962
2006,Zacatecas,15,Mujeres,15942
2006,Zacatecas,16,Hombres,15469
2006,Zacatecas,16,Mujeres,15624
2006,Zacatecas,17,Hombres,14905
2006,Zacatecas,17,Mujeres,15269
2006,Zacatecas,18,Hombres,14305
2006,Zacatecas,18,Mujeres,14906
2006,Zacatecas,19,Hombres,13657
2006,Zacatecas,19,Mujeres,14530
2006,Zacatecas,20,Hombres,12974
2006,Zacatecas,20,Mujeres,14138
2006,Zacatecas,21,Hombres,12263
2006,Zacatecas,21,Mujeres,13724
2006,Zacatecas,22,Hombres,11537
2006,Zacatecas,22,Mujeres,13276
2006,Zacatecas,23,Hombres,10849
2006,Zacatecas,23,Mujeres,12822
2006,Zacatecas,24,Hombres,10251
2006,Zacatecas,24,Mujeres,12389
2006,Zacatecas,25,Hombres,9779
2006,Zacatecas,25,Mujeres,12000
2006,Zacatecas,26,Hombres,9442
2006,Zacatecas,26,Mujeres,11676
2006,Zacatecas,27,Hombres,9231
2006,Zacatecas,27,Mujeres,11419
2006,Zacatecas,28,Hombres,9132
2006,Zacatecas,28,Mujeres,11234
2006,Zacatecas,29,Hombres,9128
2006,Zacatecas,29,Mujeres,11113
2006,Zacatecas,30,Hombres,9179
2006,Zacatecas,30,Mujeres,11029
2007,Zacatecas,3,Hombres,16347
2007,Zacatecas,3,Mujeres,15982
2007,Zacatecas,4,Hombres,16288
2007,Zacatecas,4,Mujeres,15936
2007,Zacatecas,5,Hombres,16286
2007,Zacatecas,5,Mujeres,15935
2007,Zacatecas,6,Hombres,16404
2007,Zacatecas,6,Mujeres,16033
2007,Zacatecas,7,Hombres,16429
2007,Zacatecas,7,Mujeres,16049
2007,Zacatecas,8,Hombres,16326
2007,Zacatecas,8,Mujeres,15959
2007,Zacatecas,9,Hombres,16206
2007,Zacatecas,9,Mujeres,15852
2007,Zacatecas,10,Hombres,16186
2007,Zacatecas,10,Mujeres,15842
2007,Zacatecas,11,Hombres,16253
2007,Zacatecas,11,Mujeres,15924
2007,Zacatecas,12,Hombres,16333
2007,Zacatecas,12,Mujeres,16033
2007,Zacatecas,13,Hombres,16354
2007,Zacatecas,13,Mujeres,16106
2007,Zacatecas,14,Hombres,16280
2007,Zacatecas,14,Mujeres,16109
2007,Zacatecas,15,Hombres,16068
2007,Zacatecas,15,Mujeres,16010
2007,Zacatecas,16,Hombres,15678
2007,Zacatecas,16,Mujeres,15773
2007,Zacatecas,17,Hombres,15138
2007,Zacatecas,17,Mujeres,15424
2007,Zacatecas,18,Hombres,14545
2007,Zacatecas,18,Mujeres,15044
2007,Zacatecas,19,Hombres,13937
2007,Zacatecas,19,Mujeres,14670
2007,Zacatecas,20,Hombres,13309
2007,Zacatecas,20,Mujeres,14293
2007,Zacatecas,21,Hombres,12664
2007,Zacatecas,21,Mujeres,13914
2007,Zacatecas,22,Hombres,12001
2007,Zacatecas,22,Mujeres,13516
2007,Zacatecas,23,Hombres,11331
2007,Zacatecas,23,Mujeres,13091
2007,Zacatecas,24,Hombres,10702
2007,Zacatecas,24,Mujeres,12665
2007,Zacatecas,25,Hombres,10159
2007,Zacatecas,25,Mujeres,12262
2007,Zacatecas,26,Hombres,9734
2007,Zacatecas,26,Mujeres,11905
2007,Zacatecas,27,Hombres,9436
2007,Zacatecas,27,Mujeres,11610
2007,Zacatecas,28,Hombres,9253
2007,Zacatecas,28,Mujeres,11379
2007,Zacatecas,29,Hombres,9173
2007,Zacatecas,29,Mujeres,11210
2007,Zacatecas,30,Hombres,9182
2007,Zacatecas,30,Mujeres,11102
2008,Zacatecas,3,Hombres,16386
2008,Zacatecas,3,Mujeres,16034
2008,Zacatecas,4,Hombres,16237
2008,Zacatecas,4,Mujeres,15916
2008,Zacatecas,5,Hombres,16161
2008,Zacatecas,5,Mujeres,15855
2008,Zacatecas,6,Hombres,16278
2008,Zacatecas,6,Mujeres,15956
2008,Zacatecas,7,Hombres,16389
2008,Zacatecas,7,Mujeres,16050
2008,Zacatecas,8,Hombres,16389
2008,Zacatecas,8,Mujeres,16045
2008,Zacatecas,9,Hombres,16266
2008,Zacatecas,9,Mujeres,15928
2008,Zacatecas,10,Hombres,16136
2008,Zacatecas,10,Mujeres,15811
2008,Zacatecas,11,Hombres,16101
2008,Zacatecas,11,Mujeres,15789
2008,Zacatecas,12,Hombres,16146
2008,Zacatecas,12,Mujeres,15856
2008,Zacatecas,13,Hombres,16198
2008,Zacatecas,13,Mujeres,15944
2008,Zacatecas,14,Hombres,16192
2008,Zacatecas,14,Mujeres,15996
2008,Zacatecas,15,Hombres,16082
2008,Zacatecas,15,Mujeres,15975
2008,Zacatecas,16,Hombres,15832
2008,Zacatecas,16,Mujeres,15850
2008,Zacatecas,17,Hombres,15410
2008,Zacatecas,17,Mujeres,15588
2008,Zacatecas,18,Hombres,14851
2008,Zacatecas,18,Mujeres,15221
2008,Zacatecas,19,Hombres,14259
2008,Zacatecas,19,Mujeres,14835
2008,Zacatecas,20,Hombres,13671
2008,Zacatecas,20,Mujeres,14463
2008,Zacatecas,21,Hombres,13076
2008,Zacatecas,21,Mujeres,14097
2008,Zacatecas,22,Hombres,12472
2008,Zacatecas,22,Mujeres,13730
2008,Zacatecas,23,Hombres,11856
2008,Zacatecas,23,Mujeres,13351
2008,Zacatecas,24,Hombres,11235
2008,Zacatecas,24,Mujeres,12949
2008,Zacatecas,25,Hombres,10651
2008,Zacatecas,25,Mujeres,12550
2008,Zacatecas,26,Hombres,10149
2008,Zacatecas,26,Mujeres,12174
2008,Zacatecas,27,Hombres,9754
2008,Zacatecas,27,Mujeres,11841
2008,Zacatecas,28,Hombres,9478
2008,Zacatecas,28,Mujeres,11567
2008,Zacatecas,29,Hombres,9310
2008,Zacatecas,29,Mujeres,11347
2008,Zacatecas,30,Hombres,9240
2008,Zacatecas,30,Mujeres,11189
2009,Zacatecas,3,Hombres,16504
2009,Zacatecas,3,Mujeres,16118
2009,Zacatecas,4,Hombres,16270
2009,Zacatecas,4,Mujeres,15938
2009,Zacatecas,5,Hombres,16102
2009,Zacatecas,5,Mujeres,15803
2009,Zacatecas,6,Hombres,16140
2009,Zacatecas,6,Mujeres,15839
2009,Zacatecas,7,Hombres,16251
2009,Zacatecas,7,Mujeres,15938
2009,Zacatecas,8,Hombres,16340
2009,Zacatecas,8,Mujeres,16010
2009,Zacatecas,9,Hombres,16317
2009,Zacatecas,9,Mujeres,15977
2009,Zacatecas,10,Hombres,16186
2009,Zacatecas,10,Mujeres,15855
2009,Zacatecas,11,Hombres,16046
2009,Zacatecas,11,Mujeres,15730
2009,Zacatecas,12,Hombres,15994
2009,Zacatecas,12,Mujeres,15695
2009,Zacatecas,13,Hombres,16020
2009,Zacatecas,13,Mujeres,15746
2009,Zacatecas,14,Hombres,16056
2009,Zacatecas,14,Mujeres,15820
2009,Zacatecas,15,Hombres,16026
2009,Zacatecas,15,Mujeres,15853
2009,Zacatecas,16,Hombres,15891
2009,Zacatecas,16,Mujeres,15811
2009,Zacatecas,17,Hombres,15620
2009,Zacatecas,17,Mujeres,15667
2009,Zacatecas,18,Hombres,15185
2009,Zacatecas,18,Mujeres,15393
2009,Zacatecas,19,Hombres,14635
2009,Zacatecas,19,Mujeres,15024
2009,Zacatecas,20,Hombres,14062
2009,Zacatecas,20,Mujeres,14642
2009,Zacatecas,21,Hombres,13504
2009,Zacatecas,21,Mujeres,14279
2009,Zacatecas,22,Hombres,12945
2009,Zacatecas,22,Mujeres,13923
2009,Zacatecas,23,Hombres,12379
2009,Zacatecas,23,Mujeres,13570
2009,Zacatecas,24,Hombres,11802
2009,Zacatecas,24,Mujeres,13210
2009,Zacatecas,25,Hombres,11218
2009,Zacatecas,25,Mujeres,12832
2009,Zacatecas,26,Hombres,10668
2009,Zacatecas,26,Mujeres,12455
2009,Zacatecas,27,Hombres,10189
2009,Zacatecas,27,Mujeres,12099
2009,Zacatecas,28,Hombres,9812
2009,Zacatecas,28,Mujeres,11782
2009,Zacatecas,29,Hombres,9546
2009,Zacatecas,29,Mujeres,11516
2009,Zacatecas,30,Hombres,9384
2009,Zacatecas,30,Mujeres,11304
2010,Zacatecas,3,Hombres,16687
2010,Zacatecas,3,Mujeres,16229
2010,Zacatecas,4,Hombres,16401
2010,Zacatecas,4,Mujeres,16017
2010,Zacatecas,5,Hombres,16169
2010,Zacatecas,5,Mujeres,15840
2010,Zacatecas,6,Hombres,16120
2010,Zacatecas,6,Mujeres,15802
2010,Zacatecas,7,Hombres,16157
2010,Zacatecas,7,Mujeres,15839
2010,Zacatecas,8,Hombres,16254
2010,Zacatecas,8,Mujeres,15919
2010,Zacatecas,9,Hombres,16323
2010,Zacatecas,9,Mujeres,15965
2010,Zacatecas,10,Hombres,16291
2010,Zacatecas,10,Mujeres,15932
2010,Zacatecas,11,Hombres,16148
2010,Zacatecas,11,Mujeres,15804
2010,Zacatecas,12,Hombres,15989
2010,Zacatecas,12,Mujeres,15665
2010,Zacatecas,13,Hombres,15915
2010,Zacatecas,13,Mujeres,15616
2010,Zacatecas,14,Hombres,15920
2010,Zacatecas,14,Mujeres,15651
2010,Zacatecas,15,Hombres,15926
2010,Zacatecas,15,Mujeres,15704
2010,Zacatecas,16,Hombres,15865
2010,Zacatecas,16,Mujeres,15713
2010,Zacatecas,17,Hombres,15700
2010,Zacatecas,17,Mujeres,15648
2010,Zacatecas,18,Hombres,15406
2010,Zacatecas,18,Mujeres,15485
2010,Zacatecas,19,Hombres,14967
2010,Zacatecas,19,Mujeres,15202
2010,Zacatecas,20,Hombres,14421
2010,Zacatecas,20,Mujeres,14829
2010,Zacatecas,21,Hombres,13866
2010,Zacatecas,21,Mujeres,14447
2010,Zacatecas,22,Hombres,13331
2010,Zacatecas,22,Mujeres,14087
2010,Zacatecas,23,Hombres,12799
2010,Zacatecas,23,Mujeres,13740
2010,Zacatecas,24,Hombres,12266
2010,Zacatecas,24,Mujeres,13403
2010,Zacatecas,25,Hombres,11724
2010,Zacatecas,25,Mujeres,13064
2010,Zacatecas,26,Hombres,11172
2010,Zacatecas,26,Mujeres,12707
2010,Zacatecas,27,Hombres,10647
2010,Zacatecas,27,Mujeres,12349
2010,Zacatecas,28,Hombres,10190
2010,Zacatecas,28,Mujeres,12009
2010,Zacatecas,29,Hombres,9828
2010,Zacatecas,29,Mujeres,11703
2010,Zacatecas,30,Hombres,9575
2010,Zacatecas,30,Mujeres,11449
2011,Zacatecas,3,Hombres,16889
2011,Zacatecas,3,Mujeres,16351
2011,Zacatecas,4,Hombres,16615
2011,Zacatecas,4,Mujeres,16146
2011,Zacatecas,5,Hombres,16351
2011,Zacatecas,5,Mujeres,15955
2011,Zacatecas,6,Hombres,16231
2011,Zacatecas,6,Mujeres,15857
2011,Zacatecas,7,Hombres,16180
2011,Zacatecas,7,Mujeres,15823
2011,Zacatecas,8,Hombres,16211
2011,Zacatecas,8,Mujeres,15846
2011,Zacatecas,9,Hombres,16292
2011,Zacatecas,9,Mujeres,15903
2011,Zacatecas,10,Hombres,16345
2011,Zacatecas,10,Mujeres,15950
2011,Zacatecas,11,Hombres,16297
2011,Zacatecas,11,Mujeres,15911
2011,Zacatecas,12,Hombres,16130
2011,Zacatecas,12,Mujeres,15767
2011,Zacatecas,13,Hombres,15942
2011,Zacatecas,13,Mujeres,15613
2011,Zacatecas,14,Hombres,15839
2011,Zacatecas,14,Mujeres,15544
2011,Zacatecas,15,Hombres,15807
2011,Zacatecas,15,Mujeres,15555
2011,Zacatecas,16,Hombres,15774
2011,Zacatecas,16,Mujeres,15581
2011,Zacatecas,17,Hombres,15674
2011,Zacatecas,17,Mujeres,15563
2011,Zacatecas,18,Hombres,15476
2011,Zacatecas,18,Mujeres,15473
2011,Zacatecas,19,Hombres,15163
2011,Zacatecas,19,Mujeres,15291
2011,Zacatecas,20,Hombres,14717
2011,Zacatecas,20,Mujeres,14996
2011,Zacatecas,21,Hombres,14178
2011,Zacatecas,21,Mujeres,14616
2011,Zacatecas,22,Hombres,13637
2011,Zacatecas,22,Mujeres,14233
2011,Zacatecas,23,Hombres,13124
2011,Zacatecas,23,Mujeres,13881
2011,Zacatecas,24,Hombres,12621
2011,Zacatecas,24,Mujeres,13549
2011,Zacatecas,25,Hombres,12121
2011,Zacatecas,25,Mujeres,13233
2011,Zacatecas,26,Hombres,11612
2011,Zacatecas,26,Mujeres,12913
2011,Zacatecas,27,Hombres,11091
2011,Zacatecas,27,Mujeres,12575
2011,Zacatecas,28,Hombres,10594
2011,Zacatecas,28,Mujeres,12234
2011,Zacatecas,29,Hombres,10157
2011,Zacatecas,29,Mujeres,11908
2011,Zacatecas,30,Hombres,9814
2011,Zacatecas,30,Mujeres,11620
2012,Zacatecas,3,Hombres,17016
2012,Zacatecas,3,Mujeres,16436
2012,Zacatecas,4,Hombres,16821
2012,Zacatecas,4,Mujeres,16278
2012,Zacatecas,5,Hombres,16573
2012,Zacatecas,5,Mujeres,16097
2012,Zacatecas,6,Hombres,16396
2012,Zacatecas,6,Mujeres,15949
2012,Zacatecas,7,Hombres,16266
2012,Zacatecas,7,Mujeres,15856
2012,Zacatecas,8,Hombres,16215
2012,Zacatecas,8,Mujeres,15810
2012,Zacatecas,9,Hombres,16230
2012,Zacatecas,9,Mujeres,15809
2012,Zacatecas,10,Hombres,16285
2012,Zacatecas,10,Mujeres,15865
2012,Zacatecas,11,Hombres,16320
2012,Zacatecas,11,Mujeres,15905
2012,Zacatecas,12,Hombres,16249
2012,Zacatecas,12,Mujeres,15850
2012,Zacatecas,13,Hombres,16054
2012,Zacatecas,13,Mujeres,15692
2012,Zacatecas,14,Hombres,15841
2012,Zacatecas,14,Mujeres,15520
2012,Zacatecas,15,Hombres,15708
2012,Zacatecas,15,Mujeres,15429
2012,Zacatecas,16,Hombres,15644
2012,Zacatecas,16,Mujeres,15418
2012,Zacatecas,17,Hombres,15578
2012,Zacatecas,17,Mujeres,15420
2012,Zacatecas,18,Hombres,15451
2012,Zacatecas,18,Mujeres,15380
2012,Zacatecas,19,Hombres,15235
2012,Zacatecas,19,Mujeres,15274
2012,Zacatecas,20,Hombres,14916
2012,Zacatecas,20,Mujeres,15083
2012,Zacatecas,21,Hombres,14475
2012,Zacatecas,21,Mujeres,14782
2012,Zacatecas,22,Hombres,13952
2012,Zacatecas,22,Mujeres,14406
2012,Zacatecas,23,Hombres,13432
2012,Zacatecas,23,Mujeres,14034
2012,Zacatecas,24,Hombres,12946
2012,Zacatecas,24,Mujeres,13698
2012,Zacatecas,25,Hombres,12472
2012,Zacatecas,25,Mujeres,13385
2012,Zacatecas,26,Hombres,12002
2012,Zacatecas,26,Mujeres,13086
2012,Zacatecas,27,Hombres,11522
2012,Zacatecas,27,Mujeres,12784
2012,Zacatecas,28,Hombres,11027
2012,Zacatecas,28,Mujeres,12460
2012,Zacatecas,29,Hombres,10549
2012,Zacatecas,29,Mujeres,12132
2012,Zacatecas,30,Hombres,10131
2012,Zacatecas,30,Mujeres,11823
2013,Zacatecas,3,Hombres,17029
2013,Zacatecas,3,Mujeres,16436
2013,Zacatecas,4,Hombres,16958
2013,Zacatecas,4,Mujeres,16375
2013,Zacatecas,5,Hombres,16795
2013,Zacatecas,5,Mujeres,16247
2013,Zacatecas,6,Hombres,16605
2013,Zacatecas,6,Mujeres,16072
2013,Zacatecas,7,Hombres,16410
2013,Zacatecas,7,Mujeres,15929
2013,Zacatecas,8,Hombres,16286
2013,Zacatecas,8,Mujeres,15824
2013,Zacatecas,9,Hombres,16218
2013,Zacatecas,9,Mujeres,15755
2013,Zacatecas,10,Hombres,16197
2013,Zacatecas,10,Mujeres,15750
2013,Zacatecas,11,Hombres,16233
2013,Zacatecas,11,Mujeres,15798
2013,Zacatecas,12,Hombres,16245
2013,Zacatecas,12,Mujeres,15823
2013,Zacatecas,13,Hombres,16148
2013,Zacatecas,13,Mujeres,15754
2013,Zacatecas,14,Hombres,15930
2013,Zacatecas,14,Mujeres,15579
2013,Zacatecas,15,Hombres,15692
2013,Zacatecas,15,Mujeres,15388
2013,Zacatecas,16,Hombres,15534
2013,Zacatecas,16,Mujeres,15280
2013,Zacatecas,17,Hombres,15443
2013,Zacatecas,17,Mujeres,15248
2013,Zacatecas,18,Hombres,15355
2013,Zacatecas,18,Mujeres,15232
2013,Zacatecas,19,Hombres,15212
2013,Zacatecas,19,Mujeres,15178
2013,Zacatecas,20,Hombres,14992
2013,Zacatecas,20,Mujeres,15065
2013,Zacatecas,21,Hombres,14678
2013,Zacatecas,21,Mujeres,14872
2013,Zacatecas,22,Hombres,14252
2013,Zacatecas,22,Mujeres,14578
2013,Zacatecas,23,Hombres,13749
2013,Zacatecas,23,Mujeres,14214
2013,Zacatecas,24,Hombres,13256
2013,Zacatecas,24,Mujeres,13860
2013,Zacatecas,25,Hombres,12795
2013,Zacatecas,25,Mujeres,13541
2013,Zacatecas,26,Hombres,12348
2013,Zacatecas,26,Mujeres,13244
2013,Zacatecas,27,Hombres,11905
2013,Zacatecas,27,Mujeres,12960
2013,Zacatecas,28,Hombres,11448
2013,Zacatecas,28,Mujeres,12670
2013,Zacatecas,29,Hombres,10972
2013,Zacatecas,29,Mujeres,12358
2013,Zacatecas,30,Hombres,10512
2013,Zacatecas,30,Mujeres,12044
2014,Zacatecas,3,Hombres,16939
2014,Zacatecas,3,Mujeres,16343
2014,Zacatecas,4,Hombres,16994
2014,Zacatecas,4,Mujeres,16395
2014,Zacatecas,5,Hombres,16958
2014,Zacatecas,5,Mujeres,16367
2014,Zacatecas,6,Hombres,16816
2014,Zacatecas,6,Mujeres,16201
2014,Zacatecas,7,Hombres,16598
2014,Zacatecas,7,Mujeres,16030
2014,Zacatecas,8,Hombres,16416
2014,Zacatecas,8,Mujeres,15878
2014,Zacatecas,9,Hombres,16274
2014,Zacatecas,9,Mujeres,15750
2014,Zacatecas,10,Hombres,16160
2014,Zacatecas,10,Mujeres,15673
2014,Zacatecas,11,Hombres,16119
2014,Zacatecas,11,Mujeres,15661
2014,Zacatecas,12,Hombres,16132
2014,Zacatecas,12,Mujeres,15695
2014,Zacatecas,13,Hombres,16121
2014,Zacatecas,13,Mujeres,15705
2014,Zacatecas,14,Hombres,16001
2014,Zacatecas,14,Mujeres,15619
2014,Zacatecas,15,Hombres,15763
2014,Zacatecas,15,Mujeres,15428
2014,Zacatecas,16,Hombres,15506
2014,Zacatecas,16,Mujeres,15223
2014,Zacatecas,17,Hombres,15328
2014,Zacatecas,17,Mujeres,15098
2014,Zacatecas,18,Hombres,15220
2014,Zacatecas,18,Mujeres,15051
2014,Zacatecas,19,Hombres,15120
2014,Zacatecas,19,Mujeres,15023
2014,Zacatecas,20,Hombres,14974
2014,Zacatecas,20,Mujeres,14965
2014,Zacatecas,21,Hombres,14760
2014,Zacatecas,21,Mujeres,14854
2014,Zacatecas,22,Hombres,14460
2014,Zacatecas,22,Mujeres,14669
2014,Zacatecas,23,Hombres,14054
2014,Zacatecas,23,Mujeres,14388
2014,Zacatecas,24,Hombres,13575
2014,Zacatecas,24,Mujeres,14044
2014,Zacatecas,25,Hombres,13104
2014,Zacatecas,25,Mujeres,13705
2014,Zacatecas,26,Hombres,12666
2014,Zacatecas,26,Mujeres,13401
2014,Zacatecas,27,Hombres,12246
2014,Zacatecas,27,Mujeres,13115
2014,Zacatecas,28,Hombres,11822
2014,Zacatecas,28,Mujeres,12842
2014,Zacatecas,29,Hombres,11382
2014,Zacatecas,29,Mujeres,12562
2014,Zacatecas,30,Hombres,10922
2014,Zacatecas,30,Mujeres,12262
2015,Zacatecas,3,Hombres,16758
2015,Zacatecas,3,Mujeres,16163
2015,Zacatecas,4,Hombres,16891
2015,Zacatecas,4,Mujeres,16287
2015,Zacatecas,5,Hombres,16970
2015,Zacatecas,5,Mujeres,16362
2015,Zacatecas,6,Hombres,16918
2015,Zacatecas,6,Mujeres,16263
2015,Zacatecas,7,Hombres,16748
2015,Zacatecas,7,Mujeres,16112
2015,Zacatecas,8,Hombres,16549
2015,Zacatecas,8,Mujeres,15941
2015,Zacatecas,9,Hombres,16348
2015,Zacatecas,9,Mujeres,15772
2015,Zacatecas,10,Hombres,16161
2015,Zacatecas,10,Mujeres,15644
2015,Zacatecas,11,Hombres,16038
2015,Zacatecas,11,Mujeres,15568
2015,Zacatecas,12,Hombres,15986
2015,Zacatecas,12,Mujeres,15550
2015,Zacatecas,13,Hombres,15985
2015,Zacatecas,13,Mujeres,15575
2015,Zacatecas,14,Hombres,15957
2015,Zacatecas,14,Mujeres,15573
2015,Zacatecas,15,Hombres,15823
2015,Zacatecas,15,Mujeres,15474
2015,Zacatecas,16,Hombres,15569
2015,Zacatecas,16,Mujeres,15271
2015,Zacatecas,17,Hombres,15292
2015,Zacatecas,17,Mujeres,15051
2015,Zacatecas,18,Hombres,15093
2015,Zacatecas,18,Mujeres,14911
2015,Zacatecas,19,Hombres,14966
2015,Zacatecas,19,Mujeres,14850
2015,Zacatecas,20,Hombres,14852
2015,Zacatecas,20,Mujeres,14812
2015,Zacatecas,21,Hombres,14699
2015,Zacatecas,21,Mujeres,14748
2015,Zacatecas,22,Hombres,14485
2015,Zacatecas,22,Mujeres,14635
2015,Zacatecas,23,Hombres,14191
2015,Zacatecas,23,Mujeres,14453
2015,Zacatecas,24,Hombres,13794
2015,Zacatecas,24,Mujeres,14179
2015,Zacatecas,25,Hombres,13328
2015,Zacatecas,25,Mujeres,13840
2015,Zacatecas,26,Hombres,12875
2015,Zacatecas,26,Mujeres,13509
2015,Zacatecas,27,Hombres,12462
2015,Zacatecas,27,Mujeres,13212
2015,Zacatecas,28,Hombres,12060
2015,Zacatecas,28,Mujeres,12936
2015,Zacatecas,29,Hombres,11657
2015,Zacatecas,29,Mujeres,12672
2015,Zacatecas,30,Hombres,11240
2015,Zacatecas,30,Mujeres,12408
2016,Zacatecas,3,Hombres,16559
2016,Zacatecas,3,Mujeres,15968
2016,Zacatecas,4,Hombres,16683
2016,Zacatecas,4,Mujeres,16085
2016,Zacatecas,5,Hombres,16831
2016,Zacatecas,5,Mujeres,16223
2016,Zacatecas,6,Hombres,16865
2016,Zacatecas,6,Mujeres,16215
2016,Zacatecas,7,Hombres,16790
2016,Zacatecas,7,Mujeres,16139
2016,Zacatecas,8,Hombres,16634
2016,Zacatecas,8,Mujeres,15992
2016,Zacatecas,9,Hombres,16418
2016,Zacatecas,9,Mujeres,15812
2016,Zacatecas,10,Hombres,16186
2016,Zacatecas,10,Mujeres,15654
2016,Zacatecas,11,Hombres,16001
2016,Zacatecas,11,Mujeres,15534
2016,Zacatecas,12,Hombres,15876
2016,Zacatecas,12,Mujeres,15459
2016,Zacatecas,13,Hombres,15817
2016,Zacatecas,13,Mujeres,15436
2016,Zacatecas,14,Hombres,15805
2016,Zacatecas,14,Mujeres,15453
2016,Zacatecas,15,Hombres,15766
2016,Zacatecas,15,Mujeres,15440
2016,Zacatecas,16,Hombres,15613
2016,Zacatecas,16,Mujeres,15330
2016,Zacatecas,17,Hombres,15335
2016,Zacatecas,17,Mujeres,15111
2016,Zacatecas,18,Hombres,15033
2016,Zacatecas,18,Mujeres,14874
2016,Zacatecas,19,Hombres,14806
2016,Zacatecas,19,Mujeres,14716
2016,Zacatecas,20,Hombres,14655
2016,Zacatecas,20,Mujeres,14638
2016,Zacatecas,21,Hombres,14520
2016,Zacatecas,21,Mujeres,14586
2016,Zacatecas,22,Hombres,14354
2016,Zacatecas,22,Mujeres,14511
2016,Zacatecas,23,Hombres,14130
2016,Zacatecas,23,Mujeres,14388
2016,Zacatecas,24,Hombres,13833
2016,Zacatecas,24,Mujeres,14200
2016,Zacatecas,25,Hombres,13441
2016,Zacatecas,25,Mujeres,13923
2016,Zacatecas,26,Hombres,12991
2016,Zacatecas,26,Mujeres,13585
2016,Zacatecas,27,Hombres,12561
2016,Zacatecas,27,Mujeres,13258
2016,Zacatecas,28,Hombres,12170
2016,Zacatecas,28,Mujeres,12971
2016,Zacatecas,29,Hombres,11793
2016,Zacatecas,29,Mujeres,12709
2016,Zacatecas,30,Hombres,11419
2016,Zacatecas,30,Mujeres,12466
2017,Zacatecas,3,Hombres,16410
2017,Zacatecas,3,Mujeres,15822
2017,Zacatecas,4,Hombres,16494
2017,Zacatecas,4,Mujeres,15905
2017,Zacatecas,5,Hombres,16630
2017,Zacatecas,5,Mujeres,16035
2017,Zacatecas,6,Hombres,16711
2017,Zacatecas,6,Mujeres,16085
2017,Zacatecas,7,Hombres,16727
2017,Zacatecas,7,Mujeres,16095
2017,Zacatecas,8,Hombres,16654
2017,Zacatecas,8,Mujeres,16014
2017,Zacatecas,9,Hombres,16483
2017,Zacatecas,9,Mujeres,15860
2017,Zacatecas,10,Hombres,16248
2017,Zacatecas,10,Mujeres,15695
2017,Zacatecas,11,Hombres,16016
2017,Zacatecas,11,Mujeres,15542
2017,Zacatecas,12,Hombres,15829
2017,Zacatecas,12,Mujeres,15420
2017,Zacatecas,13,Hombres,15695
2017,Zacatecas,13,Mujeres,15339
2017,Zacatecas,14,Hombres,15624
2017,Zacatecas,14,Mujeres,15307
2017,Zacatecas,15,Hombres,15598
2017,Zacatecas,15,Mujeres,15313
2017,Zacatecas,16,Hombres,15535
2017,Zacatecas,16,Mujeres,15287
2017,Zacatecas,17,Hombres,15356
2017,Zacatecas,17,Mujeres,15160
2017,Zacatecas,18,Hombres,15052
2017,Zacatecas,18,Mujeres,14924
2017,Zacatecas,19,Hombres,14724
2017,Zacatecas,19,Mujeres,14670
2017,Zacatecas,20,Hombres,14475
2017,Zacatecas,20,Mujeres,14496
2017,Zacatecas,21,Hombres,14303
2017,Zacatecas,21,Mujeres,14404
2017,Zacatecas,22,Hombres,14155
2017,Zacatecas,22,Mujeres,14341
2017,Zacatecas,23,Hombres,13979
2017,Zacatecas,23,Mujeres,14255
2017,Zacatecas,24,Hombres,13753
2017,Zacatecas,24,Mujeres,14127
2017,Zacatecas,25,Hombres,13460
2017,Zacatecas,25,Mujeres,13936
2017,Zacatecas,26,Hombres,13085
2017,Zacatecas,26,Mujeres,13661
2017,Zacatecas,27,Hombres,12661
2017,Zacatecas,27,Mujeres,13331
2017,Zacatecas,28,Hombres,12257
2017,Zacatecas,28,Mujeres,13019
2017,Zacatecas,29,Hombres,11893
2017,Zacatecas,29,Mujeres,12750
2017,Zacatecas,30,Hombres,11545
2017,Zacatecas,30,Mujeres,12508
2018,Zacatecas,3,Hombres,16274
2018,Zacatecas,3,Mujeres,15690
2018,Zacatecas,4,Hombres,16375
2018,Zacatecas,4,Mujeres,15789
2018,Zacatecas,5,Hombres,16462
2018,Zacatecas,5,Mujeres,15877
2018,Zacatecas,6,Hombres,16510
2018,Zacatecas,6,Mujeres,15913
2018,Zacatecas,7,Hombres,16579
2018,Zacatecas,7,Mujeres,15976
2018,Zacatecas,8,Hombres,16587
2018,Zacatecas,8,Mujeres,15972
2018,Zacatecas,9,Hombres,16498
2018,Zacatecas,9,Mujeres,15888
2018,Zacatecas,10,Hombres,16319
2018,Zacatecas,10,Mujeres,15751
2018,Zacatecas,11,Hombres,16083
2018,Zacatecas,11,Mujeres,15587
2018,Zacatecas,12,Hombres,15847
2018,Zacatecas,12,Mujeres,15429
2018,Zacatecas,13,Hombres,15649
2018,Zacatecas,13,Mujeres,15300
2018,Zacatecas,14,Hombres,15502
2018,Zacatecas,14,Mujeres,15210
2018,Zacatecas,15,Hombres,15414
2018,Zacatecas,15,Mujeres,15166
2018,Zacatecas,16,Hombres,15362
2018,Zacatecas,16,Mujeres,15158
2018,Zacatecas,17,Hombres,15271
2018,Zacatecas,17,Mujeres,15114
2018,Zacatecas,18,Hombres,15064
2018,Zacatecas,18,Mujeres,14970
2018,Zacatecas,19,Hombres,14734
2018,Zacatecas,19,Mujeres,14715
2018,Zacatecas,20,Hombres,14384
2018,Zacatecas,20,Mujeres,14446
2018,Zacatecas,21,Hombres,14118
2018,Zacatecas,21,Mujeres,14260
2018,Zacatecas,22,Hombres,13934
2018,Zacatecas,22,Mujeres,14159
2018,Zacatecas,23,Hombres,13777
2018,Zacatecas,23,Mujeres,14088
2018,Zacatecas,24,Hombres,13601
2018,Zacatecas,24,Mujeres,13998
2018,Zacatecas,25,Hombres,13381
2018,Zacatecas,25,Mujeres,13867
2018,Zacatecas,26,Hombres,13107
2018,Zacatecas,26,Mujeres,13679
2018,Zacatecas,27,Hombres,12758
2018,Zacatecas,27,Mujeres,13415
2018,Zacatecas,28,Hombres,12361
2018,Zacatecas,28,Mujeres,13105
2018,Zacatecas,29,Hombres,11987
2018,Zacatecas,29,Mujeres,12813
2018,Zacatecas,30,Hombres,11651
2018,Zacatecas,30,Mujeres,12563
2019,Zacatecas,3,Hombres,16059
2019,Zacatecas,3,Mujeres,15489
2019,Zacatecas,4,Hombres,16249
2019,Zacatecas,4,Mujeres,15673
2019,Zacatecas,5,Hombres,16350
2019,Zacatecas,5,Mujeres,15773
2019,Zacatecas,6,Hombres,16335
2019,Zacatecas,6,Mujeres,15764
2019,Zacatecas,7,Hombres,16379
2019,Zacatecas,7,Mujeres,15809
2019,Zacatecas,8,Hombres,16429
2019,Zacatecas,8,Mujeres,15853
2019,Zacatecas,9,Hombres,16421
2019,Zacatecas,9,Mujeres,15849
2019,Zacatecas,10,Hombres,16338
2019,Zacatecas,10,Mujeres,15784
2019,Zacatecas,11,Hombres,16157
2019,Zacatecas,11,Mujeres,15645
2019,Zacatecas,12,Hombres,15915
2019,Zacatecas,12,Mujeres,15473
2019,Zacatecas,13,Hombres,15666
2019,Zacatecas,13,Mujeres,15306
2019,Zacatecas,14,Hombres,15453
2019,Zacatecas,14,Mujeres,15167
2019,Zacatecas,15,Hombres,15287
2019,Zacatecas,15,Mujeres,15063
2019,Zacatecas,16,Hombres,15172
2019,Zacatecas,16,Mujeres,15006
2019,Zacatecas,17,Hombres,15090
2019,Zacatecas,17,Mujeres,14979
2019,Zacatecas,18,Hombres,14968
2019,Zacatecas,18,Mujeres,14916
2019,Zacatecas,19,Hombres,14731
2019,Zacatecas,19,Mujeres,14751
2019,Zacatecas,20,Hombres,14379
2019,Zacatecas,20,Mujeres,14480
2019,Zacatecas,21,Hombres,14014
2019,Zacatecas,21,Mujeres,14201
2019,Zacatecas,22,Hombres,13739
2019,Zacatecas,22,Mujeres,14009
2019,Zacatecas,23,Hombres,13550
2019,Zacatecas,23,Mujeres,13903
2019,Zacatecas,24,Hombres,13395
2019,Zacatecas,24,Mujeres,13828
2019,Zacatecas,25,Hombres,13228
2019,Zacatecas,25,Mujeres,13738
2019,Zacatecas,26,Hombres,13027
2019,Zacatecas,26,Mujeres,13613
2019,Zacatecas,27,Hombres,12779
2019,Zacatecas,27,Mujeres,13439
2019,Zacatecas,28,Hombres,12459
2019,Zacatecas,28,Mujeres,13197
2019,Zacatecas,29,Hombres,12094
2019,Zacatecas,29,Mujeres,12909
2019,Zacatecas,30,Hombres,11749
2019,Zacatecas,30,Mujeres,12639
2020,Zacatecas,3,Hombres,15828
2020,Zacatecas,3,Mujeres,15278
2020,Zacatecas,4,Hombres,16039
2020,Zacatecas,4,Mujeres,15480
2020,Zacatecas,5,Hombres,16198
2020,Zacatecas,5,Mujeres,15639
2020,Zacatecas,6,Hombres,16248
2020,Zacatecas,6,Mujeres,15694
2020,Zacatecas,7,Hombres,16237
2020,Zacatecas,7,Mujeres,15691
2020,Zacatecas,8,Hombres,16269
2020,Zacatecas,8,Mujeres,15726
2020,Zacatecas,9,Hombres,16313
2020,Zacatecas,9,Mujeres,15772
2020,Zacatecas,10,Hombres,16304
2020,Zacatecas,10,Mujeres,15772
2020,Zacatecas,11,Hombres,16221
2020,Zacatecas,11,Mujeres,15705
2020,Zacatecas,12,Hombres,16036
2020,Zacatecas,12,Mujeres,15561
2020,Zacatecas,13,Hombres,15785
2020,Zacatecas,13,Mujeres,15384
2020,Zacatecas,14,Hombres,15526
2020,Zacatecas,14,Mujeres,15210
2020,Zacatecas,15,Hombres,15285
2020,Zacatecas,15,Mujeres,15049
2020,Zacatecas,16,Hombres,15098
2020,Zacatecas,16,Mujeres,14935
2020,Zacatecas,17,Hombres,14960
2020,Zacatecas,17,Mujeres,14866
2020,Zacatecas,18,Hombres,14853
2020,Zacatecas,18,Mujeres,14825
2020,Zacatecas,19,Hombres,14706
2020,Zacatecas,19,Mujeres,14748
2020,Zacatecas,20,Hombres,14447
2020,Zacatecas,20,Mujeres,14564
2020,Zacatecas,21,Hombres,14083
2020,Zacatecas,21,Mujeres,14286
2020,Zacatecas,22,Hombres,13712
2020,Zacatecas,22,Mujeres,14003
2020,Zacatecas,23,Hombres,13434
2020,Zacatecas,23,Mujeres,13808
2020,Zacatecas,24,Hombres,13246
2020,Zacatecas,24,Mujeres,13699
2020,Zacatecas,25,Hombres,13105
2020,Zacatecas,25,Mujeres,13633
2020,Zacatecas,26,Hombres,12948
2020,Zacatecas,26,Mujeres,13547
2020,Zacatecas,27,Hombres,12762
2020,Zacatecas,27,Mujeres,13431
2020,Zacatecas,28,Hombres,12532
2020,Zacatecas,28,Mujeres,13271
2020,Zacatecas,29,Hombres,12233
2020,Zacatecas,29,Mujeres,13044
2020,Zacatecas,30,Hombres,11895
2020,Zacatecas,30,Mujeres,12777
2021,Zacatecas,3,Hombres,15747
2021,Zacatecas,3,Mujeres,15211
2021,Zacatecas,4,Hombres,15818
2021,Zacatecas,4,Mujeres,15274
2021,Zacatecas,5,Hombres,15968
2021,Zacatecas,5,Mujeres,15427
2021,Zacatecas,6,Hombres,16132
2021,Zacatecas,6,Mujeres,15590
2021,Zacatecas,7,Hombres,16187
2021,Zacatecas,7,Mujeres,15648
2021,Zacatecas,8,Hombres,16178
2021,Zacatecas,8,Mujeres,15648
2021,Zacatecas,9,Hombres,16213
2021,Zacatecas,9,Mujeres,15685
2021,Zacatecas,10,Hombres,16243
2021,Zacatecas,10,Mujeres,15718
2021,Zacatecas,11,Hombres,16235
2021,Zacatecas,11,Mujeres,15719
2021,Zacatecas,12,Hombres,16151
2021,Zacatecas,12,Mujeres,15652
2021,Zacatecas,13,Hombres,15964
2021,Zacatecas,13,Mujeres,15507
2021,Zacatecas,14,Hombres,15707
2021,Zacatecas,14,Mujeres,15328
2021,Zacatecas,15,Hombres,15412
2021,Zacatecas,15,Mujeres,15123
2021,Zacatecas,16,Hombres,15156
2021,Zacatecas,16,Mujeres,14957
2021,Zacatecas,17,Hombres,14953
2021,Zacatecas,17,Mujeres,14837
2021,Zacatecas,18,Hombres,14798
2021,Zacatecas,18,Mujeres,14760
2021,Zacatecas,19,Hombres,14673
2021,Zacatecas,19,Mujeres,14712
2021,Zacatecas,20,Hombres,14505
2021,Zacatecas,20,Mujeres,14617
2021,Zacatecas,21,Hombres,14238
2021,Zacatecas,21,Mujeres,14427
2021,Zacatecas,22,Hombres,13868
2021,Zacatecas,22,Mujeres,14146
2021,Zacatecas,23,Hombres,13494
2021,Zacatecas,23,Mujeres,13862
2021,Zacatecas,24,Hombres,13214
2021,Zacatecas,24,Mujeres,13666
2021,Zacatecas,25,Hombres,13043
2021,Zacatecas,25,Mujeres,13575
2021,Zacatecas,26,Hombres,12903
2021,Zacatecas,26,Mujeres,13511
2021,Zacatecas,27,Hombres,12748
2021,Zacatecas,27,Mujeres,13428
2021,Zacatecas,28,Hombres,12569
2021,Zacatecas,28,Mujeres,13314
2021,Zacatecas,29,Hombres,12346
2021,Zacatecas,29,Mujeres,13159
2021,Zacatecas,30,Hombres,12068
2021,Zacatecas,30,Mujeres,12951
2022,Zacatecas,3,Hombres,15723
2022,Zacatecas,3,Mujeres,15213
2022,Zacatecas,4,Hombres,15740
2022,Zacatecas,4,Mujeres,15206
2022,Zacatecas,5,Hombres,15753
2022,Zacatecas,5,Mujeres,15222
2022,Zacatecas,6,Hombres,15907
2022,Zacatecas,6,Mujeres,15380
2022,Zacatecas,7,Hombres,16075
2022,Zacatecas,7,Mujeres,15546
2022,Zacatecas,8,Hombres,16133
2022,Zacatecas,8,Mujeres,15607
2022,Zacatecas,9,Hombres,16127
2022,Zacatecas,9,Mujeres,15608
2022,Zacatecas,10,Hombres,16149
2022,Zacatecas,10,Mujeres,15632
2022,Zacatecas,11,Hombres,16179
2022,Zacatecas,11,Mujeres,15666
2022,Zacatecas,12,Hombres,16171
2022,Zacatecas,12,Mujeres,15667
2022,Zacatecas,13,Hombres,16084
2022,Zacatecas,13,Mujeres,15600
2022,Zacatecas,14,Hombres,15893
2022,Zacatecas,14,Mujeres,15453
2022,Zacatecas,15,Hombres,15601
2022,Zacatecas,15,Mujeres,15241
2022,Zacatecas,16,Hombres,15290
2022,Zacatecas,16,Mujeres,15032
2022,Zacatecas,17,Hombres,15018
2022,Zacatecas,17,Mujeres,14859
2022,Zacatecas,18,Hombres,14799
2022,Zacatecas,18,Mujeres,14732
2022,Zacatecas,19,Hombres,14629
2022,Zacatecas,19,Mujeres,14648
2022,Zacatecas,20,Hombres,14484
2022,Zacatecas,20,Mujeres,14583
2022,Zacatecas,21,Hombres,14308
2022,Zacatecas,21,Mujeres,14483
2022,Zacatecas,22,Hombres,14035
2022,Zacatecas,22,Mujeres,14291
2022,Zacatecas,23,Hombres,13664
2022,Zacatecas,23,Mujeres,14010
2022,Zacatecas,24,Hombres,13293
2022,Zacatecas,24,Mujeres,13728
2022,Zacatecas,25,Hombres,13033
2022,Zacatecas,25,Mujeres,13552
2022,Zacatecas,26,Hombres,12866
2022,Zacatecas,26,Mujeres,13463
2022,Zacatecas,27,Hombres,12730
2022,Zacatecas,27,Mujeres,13401
2022,Zacatecas,28,Hombres,12583
2022,Zacatecas,28,Mujeres,13322
2022,Zacatecas,29,Hombres,12412
2022,Zacatecas,29,Mujeres,13213
2022,Zacatecas,30,Hombres,12210
2022,Zacatecas,30,Mujeres,13076
2023,Zacatecas,3,Hombres,15691
2023,Zacatecas,3,Mujeres,15181
2023,Zacatecas,4,Hombres,15715
2023,Zacatecas,4,Mujeres,15207
2023,Zacatecas,5,Hombres,15676
2023,Zacatecas,5,Mujeres,15155
2023,Zacatecas,6,Hombres,15694
2023,Zacatecas,6,Mujeres,15176
2023,Zacatecas,7,Hombres,15852
2023,Zacatecas,7,Mujeres,15336
2023,Zacatecas,8,Hombres,16024
2023,Zacatecas,8,Mujeres,15505
2023,Zacatecas,9,Hombres,16085
2023,Zacatecas,9,Mujeres,15568
2023,Zacatecas,10,Hombres,16066
2023,Zacatecas,10,Mujeres,15556
2023,Zacatecas,11,Hombres,16090
2023,Zacatecas,11,Mujeres,15581
2023,Zacatecas,12,Hombres,16121
2023,Zacatecas,12,Mujeres,15616
2023,Zacatecas,13,Hombres,16111
2023,Zacatecas,13,Mujeres,15617
2023,Zacatecas,14,Hombres,16023
2023,Zacatecas,14,Mujeres,15547
2023,Zacatecas,15,Hombres,15797
2023,Zacatecas,15,Mujeres,15366
2023,Zacatecas,16,Hombres,15490
2023,Zacatecas,16,Mujeres,15150
2023,Zacatecas,17,Hombres,15163
2023,Zacatecas,17,Mujeres,14934
2023,Zacatecas,18,Hombres,14875
2023,Zacatecas,18,Mujeres,14755
2023,Zacatecas,19,Hombres,14643
2023,Zacatecas,19,Mujeres,14621
2023,Zacatecas,20,Hombres,14454
2023,Zacatecas,20,Mujeres,14521
2023,Zacatecas,21,Hombres,14301
2023,Zacatecas,21,Mujeres,14451
2023,Zacatecas,22,Hombres,14120
2023,Zacatecas,22,Mujeres,14348
2023,Zacatecas,23,Hombres,13847
2023,Zacatecas,23,Mujeres,14157
2023,Zacatecas,24,Hombres,13482
2023,Zacatecas,24,Mujeres,13879
2023,Zacatecas,25,Hombres,13134
2023,Zacatecas,25,Mujeres,13618
2023,Zacatecas,26,Hombres,12882
2023,Zacatecas,26,Mujeres,13446
2023,Zacatecas,27,Hombres,12723
2023,Zacatecas,27,Mujeres,13361
2023,Zacatecas,28,Hombres,12598
2023,Zacatecas,28,Mujeres,13304
2023,Zacatecas,29,Hombres,12461
2023,Zacatecas,29,Mujeres,13228
2023,Zacatecas,30,Hombres,12312
2023,Zacatecas,30,Mujeres,13138
2024,Zacatecas,3,Hombres,15764
2024,Zacatecas,3,Mujeres,15208
2024,Zacatecas,4,Hombres,15682
2024,Zacatecas,4,Mujeres,15172
2024,Zacatecas,5,Hombres,15652
2024,Zacatecas,5,Mujeres,15155
2024,Zacatecas,6,Hombres,15619
2024,Zacatecas,6,Mujeres,15108
2024,Zacatecas,7,Hombres,15640
2024,Zacatecas,7,Mujeres,15132
2024,Zacatecas,8,Hombres,15803
2024,Zacatecas,8,Mujeres,15295
2024,Zacatecas,9,Hombres,15977
2024,Zacatecas,9,Mujeres,15466
2024,Zacatecas,10,Hombres,16026
2024,Zacatecas,10,Mujeres,15515
2024,Zacatecas,11,Hombres,16009
2024,Zacatecas,11,Mujeres,15504
2024,Zacatecas,12,Hombres,16034
2024,Zacatecas,12,Mujeres,15531
2024,Zacatecas,13,Hombres,16065
2024,Zacatecas,13,Mujeres,15565
2024,Zacatecas,14,Hombres,16055
2024,Zacatecas,14,Mujeres,15563
2024,Zacatecas,15,Hombres,15931
2024,Zacatecas,15,Mujeres,15459
2024,Zacatecas,16,Hombres,15688
2024,Zacatecas,16,Mujeres,15273
2024,Zacatecas,17,Hombres,15364
2024,Zacatecas,17,Mujeres,15050
2024,Zacatecas,18,Hombres,15022
2024,Zacatecas,18,Mujeres,14827
2024,Zacatecas,19,Hombres,14720
2024,Zacatecas,19,Mujeres,14642
2024,Zacatecas,20,Hombres,14469
2024,Zacatecas,20,Mujeres,14492
2024,Zacatecas,21,Hombres,14272
2024,Zacatecas,21,Mujeres,14389
2024,Zacatecas,22,Hombres,14115
2024,Zacatecas,22,Mujeres,14317
2024,Zacatecas,23,Hombres,13933
2024,Zacatecas,23,Mujeres,14214
2024,Zacatecas,24,Hombres,13663
2024,Zacatecas,24,Mujeres,14026
2024,Zacatecas,25,Hombres,13322
2024,Zacatecas,25,Mujeres,13770
2024,Zacatecas,26,Hombres,12983
2024,Zacatecas,26,Mujeres,13514
2024,Zacatecas,27,Hombres,12741
2024,Zacatecas,27,Mujeres,13346
2024,Zacatecas,28,Hombres,12593
2024,Zacatecas,28,Mujeres,13265
2024,Zacatecas,29,Hombres,12477
2024,Zacatecas,29,Mujeres,13212
2024,Zacatecas,30,Hombres,12362
2024,Zacatecas,30,Mujeres,13155
2025,Zacatecas,3,Hombres,15785
2025,Zacatecas,3,Mujeres,15224
2025,Zacatecas,4,Hombres,15750
2025,Zacatecas,4,Mujeres,15195
2025,Zacatecas,5,Hombres,15617
2025,Zacatecas,5,Mujeres,15119
2025,Zacatecas,6,Hombres,15593
2025,Zacatecas,6,Mujeres,15106
2025,Zacatecas,7,Hombres,15564
2025,Zacatecas,7,Mujeres,15063
2025,Zacatecas,8,Hombres,15589
2025,Zacatecas,8,Mujeres,15090
2025,Zacatecas,9,Hombres,15755
2025,Zacatecas,9,Mujeres,15255
2025,Zacatecas,10,Hombres,15917
2025,Zacatecas,10,Mujeres,15413
2025,Zacatecas,11,Hombres,15968
2025,Zacatecas,11,Mujeres,15463
2025,Zacatecas,12,Hombres,15954
2025,Zacatecas,12,Mujeres,15453
2025,Zacatecas,13,Hombres,15980
2025,Zacatecas,13,Mujeres,15479
2025,Zacatecas,14,Hombres,16010
2025,Zacatecas,14,Mujeres,15511
2025,Zacatecas,15,Hombres,15964
2025,Zacatecas,15,Mujeres,15475
2025,Zacatecas,16,Hombres,15823
2025,Zacatecas,16,Mujeres,15363
2025,Zacatecas,17,Hombres,15562
2025,Zacatecas,17,Mujeres,15169
2025,Zacatecas,18,Hombres,15221
2025,Zacatecas,18,Mujeres,14940
2025,Zacatecas,19,Hombres,14864
2025,Zacatecas,19,Mujeres,14711
2025,Zacatecas,20,Hombres,14545
2025,Zacatecas,20,Mujeres,14511
2025,Zacatecas,21,Hombres,14286
2025,Zacatecas,21,Mujeres,14359
2025,Zacatecas,22,Hombres,14084
2025,Zacatecas,22,Mujeres,14255
2025,Zacatecas,23,Hombres,13925
2025,Zacatecas,23,Mujeres,14183
2025,Zacatecas,24,Hombres,13744
2025,Zacatecas,24,Mujeres,14083
2025,Zacatecas,25,Hombres,13496
2025,Zacatecas,25,Mujeres,13916
2025,Zacatecas,26,Hombres,13164
2025,Zacatecas,26,Mujeres,13665
2025,Zacatecas,27,Hombres,12836
2025,Zacatecas,27,Mujeres,13415
2025,Zacatecas,28,Hombres,12604
2025,Zacatecas,28,Mujeres,13252
2025,Zacatecas,29,Hombres,12466
2025,Zacatecas,29,Mujeres,13174
2025,Zacatecas,30,Hombres,12372
2025,Zacatecas,30,Mujeres,13140
2026,Zacatecas,3,Hombres,15719
2026,Zacatecas,3,Mujeres,15180
2026,Zacatecas,4,Hombres,15765
2026,Zacatecas,4,Mujeres,15207
2026,Zacatecas,5,Hombres,15683
2026,Zacatecas,5,Mujeres,15141
2026,Zacatecas,6,Hombres,15555
2026,Zacatecas,6,Mujeres,15070
2026,Zacatecas,7,Hombres,15536
2026,Zacatecas,7,Mujeres,15060
2026,Zacatecas,8,Hombres,15510
2026,Zacatecas,8,Mujeres,15020
2026,Zacatecas,9,Hombres,15540
2026,Zacatecas,9,Mujeres,15049
2026,Zacatecas,10,Hombres,15695
2026,Zacatecas,10,Mujeres,15202
2026,Zacatecas,11,Hombres,15858
2026,Zacatecas,11,Mujeres,15360
2026,Zacatecas,12,Hombres,15912
2026,Zacatecas,12,Mujeres,15411
2026,Zacatecas,13,Hombres,15899
2026,Zacatecas,13,Mujeres,15400
2026,Zacatecas,14,Hombres,15924
2026,Zacatecas,14,Mujeres,15424
2026,Zacatecas,15,Hombres,15919
2026,Zacatecas,15,Mujeres,15421
2026,Zacatecas,16,Hombres,15855
2026,Zacatecas,16,Mujeres,15378
2026,Zacatecas,17,Hombres,15695
2026,Zacatecas,17,Mujeres,15257
2026,Zacatecas,18,Hombres,15416
2026,Zacatecas,18,Mujeres,15057
2026,Zacatecas,19,Hombres,15060
2026,Zacatecas,19,Mujeres,14821
2026,Zacatecas,20,Hombres,14684
2026,Zacatecas,20,Mujeres,14579
2026,Zacatecas,21,Hombres,14357
2026,Zacatecas,21,Mujeres,14377
2026,Zacatecas,22,Hombres,14093
2026,Zacatecas,22,Mujeres,14225
2026,Zacatecas,23,Hombres,13889
2026,Zacatecas,23,Mujeres,14120
2026,Zacatecas,24,Hombres,13730
2026,Zacatecas,24,Mujeres,14051
2026,Zacatecas,25,Hombres,13569
2026,Zacatecas,25,Mujeres,13972
2026,Zacatecas,26,Hombres,13328
2026,Zacatecas,26,Mujeres,13810
2026,Zacatecas,27,Hombres,13005
2026,Zacatecas,27,Mujeres,13564
2026,Zacatecas,28,Hombres,12687
2026,Zacatecas,28,Mujeres,13319
2026,Zacatecas,29,Hombres,12466
2026,Zacatecas,29,Mujeres,13161
2026,Zacatecas,30,Hombres,12349
2026,Zacatecas,30,Mujeres,13102
2027,Zacatecas,3,Hombres,15669
2027,Zacatecas,3,Mujeres,15133
2027,Zacatecas,4,Hombres,15694
2027,Zacatecas,4,Mujeres,15160
2027,Zacatecas,5,Hombres,15694
2027,Zacatecas,5,Mujeres,15152
2027,Zacatecas,6,Hombres,15617
2027,Zacatecas,6,Mujeres,15089
2027,Zacatecas,7,Hombres,15495
2027,Zacatecas,7,Mujeres,15022
2027,Zacatecas,8,Hombres,15480
2027,Zacatecas,8,Mujeres,15016
2027,Zacatecas,9,Hombres,15457
2027,Zacatecas,9,Mujeres,14978
2027,Zacatecas,10,Hombres,15477
2027,Zacatecas,10,Mujeres,14996
2027,Zacatecas,11,Hombres,15634
2027,Zacatecas,11,Mujeres,15149
2027,Zacatecas,12,Hombres,15800
2027,Zacatecas,12,Mujeres,15308
2027,Zacatecas,13,Hombres,15854
2027,Zacatecas,13,Mujeres,15357
2027,Zacatecas,14,Hombres,15842
2027,Zacatecas,14,Mujeres,15344
2027,Zacatecas,15,Hombres,15832
2027,Zacatecas,15,Mujeres,15334
2027,Zacatecas,16,Hombres,15809
2027,Zacatecas,16,Mujeres,15323
2027,Zacatecas,17,Hombres,15726
2027,Zacatecas,17,Mujeres,15272
2027,Zacatecas,18,Hombres,15547
2027,Zacatecas,18,Mujeres,15143
2027,Zacatecas,19,Hombres,15252
2027,Zacatecas,19,Mujeres,14937
2027,Zacatecas,20,Hombres,14875
2027,Zacatecas,20,Mujeres,14687
2027,Zacatecas,21,Hombres,14492
2027,Zacatecas,21,Mujeres,14444
2027,Zacatecas,22,Hombres,14158
2027,Zacatecas,22,Mujeres,14241
2027,Zacatecas,23,Hombres,13892
2027,Zacatecas,23,Mujeres,14090
2027,Zacatecas,24,Hombres,13687
2027,Zacatecas,24,Mujeres,13987
2027,Zacatecas,25,Hombres,13546
2027,Zacatecas,25,Mujeres,13939
2027,Zacatecas,26,Hombres,13389
2027,Zacatecas,26,Mujeres,13864
2027,Zacatecas,27,Hombres,13155
2027,Zacatecas,27,Mujeres,13707
2027,Zacatecas,28,Hombres,12842
2027,Zacatecas,28,Mujeres,13467
2027,Zacatecas,29,Hombres,12535
2027,Zacatecas,29,Mujeres,13227
2027,Zacatecas,30,Hombres,12335
2027,Zacatecas,30,Mujeres,13088
2028,Zacatecas,3,Hombres,15593
2028,Zacatecas,3,Mujeres,15065
2028,Zacatecas,4,Hombres,15639
2028,Zacatecas,4,Mujeres,15111
2028,Zacatecas,5,Hombres,15621
2028,Zacatecas,5,Mujeres,15105
2028,Zacatecas,6,Hombres,15626
2028,Zacatecas,6,Mujeres,15100
2028,Zacatecas,7,Hombres,15553
2028,Zacatecas,7,Mujeres,15041
2028,Zacatecas,8,Hombres,15436
2028,Zacatecas,8,Mujeres,14978
2028,Zacatecas,9,Hombres,15424
2028,Zacatecas,9,Mujeres,14973
2028,Zacatecas,10,Hombres,15391
2028,Zacatecas,10,Mujeres,14924
2028,Zacatecas,11,Hombres,15414
2028,Zacatecas,11,Mujeres,14942
2028,Zacatecas,12,Hombres,15573
2028,Zacatecas,12,Mujeres,15096
2028,Zacatecas,13,Hombres,15740
2028,Zacatecas,13,Mujeres,15254
2028,Zacatecas,14,Hombres,15795
2028,Zacatecas,14,Mujeres,15300
2028,Zacatecas,15,Hombres,15747
2028,Zacatecas,15,Mujeres,15254
2028,Zacatecas,16,Hombres,15720
2028,Zacatecas,16,Mujeres,15236
2028,Zacatecas,17,Hombres,15678
2028,Zacatecas,17,Mujeres,15217
2028,Zacatecas,18,Hombres,15575
2028,Zacatecas,18,Mujeres,15157
2028,Zacatecas,19,Hombres,15379
2028,Zacatecas,19,Mujeres,15022
2028,Zacatecas,20,Hombres,15062
2028,Zacatecas,20,Mujeres,14802
2028,Zacatecas,21,Hombres,14676
2028,Zacatecas,21,Mujeres,14549
2028,Zacatecas,22,Hombres,14286
2028,Zacatecas,22,Mujeres,14307
2028,Zacatecas,23,Hombres,13950
2028,Zacatecas,23,Mujeres,14106
2028,Zacatecas,24,Hombres,13682
2028,Zacatecas,24,Mujeres,13957
2028,Zacatecas,25,Hombres,13494
2028,Zacatecas,25,Mujeres,13875
2028,Zacatecas,26,Hombres,13357
2028,Zacatecas,26,Mujeres,13830
2028,Zacatecas,27,Hombres,13205
2028,Zacatecas,27,Mujeres,13760
2028,Zacatecas,28,Hombres,12979
2028,Zacatecas,28,Mujeres,13607
2028,Zacatecas,29,Hombres,12676
2028,Zacatecas,29,Mujeres,13373
2028,Zacatecas,30,Hombres,12391
2028,Zacatecas,30,Mujeres,13153
2029,Zacatecas,3,Hombres,15506
2029,Zacatecas,3,Mujeres,14988
2029,Zacatecas,4,Hombres,15561
2029,Zacatecas,4,Mujeres,15042
2029,Zacatecas,5,Hombres,15564
2029,Zacatecas,5,Mujeres,15055
2029,Zacatecas,6,Hombres,15550
2029,Zacatecas,6,Mujeres,15052
2029,Zacatecas,7,Hombres,15559
2029,Zacatecas,7,Mujeres,15051
2029,Zacatecas,8,Hombres,15491
2029,Zacatecas,8,Mujeres,14996
2029,Zacatecas,9,Hombres,15379
2029,Zacatecas,9,Mujeres,14935
2029,Zacatecas,10,Hombres,15356
2029,Zacatecas,10,Mujeres,14918
2029,Zacatecas,11,Hombres,15326
2029,Zacatecas,11,Mujeres,14871
2029,Zacatecas,12,Hombres,15351
2029,Zacatecas,12,Mujeres,14890
2029,Zacatecas,13,Hombres,15512
2029,Zacatecas,13,Mujeres,15042
2029,Zacatecas,14,Hombres,15677
2029,Zacatecas,14,Mujeres,15197
2029,Zacatecas,15,Hombres,15697
2029,Zacatecas,15,Mujeres,15209
2029,Zacatecas,16,Hombres,15633
2029,Zacatecas,16,Mujeres,15156
2029,Zacatecas,17,Hombres,15587
2029,Zacatecas,17,Mujeres,15130
2029,Zacatecas,18,Hombres,15526
2029,Zacatecas,18,Mujeres,15103
2029,Zacatecas,19,Hombres,15405
2029,Zacatecas,19,Mujeres,15036
2029,Zacatecas,20,Hombres,15185
2029,Zacatecas,20,Mujeres,14887
2029,Zacatecas,21,Hombres,14857
2029,Zacatecas,21,Mujeres,14663
2029,Zacatecas,22,Hombres,14465
2029,Zacatecas,22,Mujeres,14411
2029,Zacatecas,23,Hombres,14071
2029,Zacatecas,23,Mujeres,14171
2029,Zacatecas,24,Hombres,13733
2029,Zacatecas,24,Mujeres,13972
2029,Zacatecas,25,Hombres,13483
2029,Zacatecas,25,Mujeres,13844
2029,Zacatecas,26,Hombres,13298
2029,Zacatecas,26,Mujeres,13766
2029,Zacatecas,27,Hombres,13164
2029,Zacatecas,27,Mujeres,13726
2029,Zacatecas,28,Hombres,13019
2029,Zacatecas,28,Mujeres,13659
2029,Zacatecas,29,Hombres,12801
2029,Zacatecas,29,Mujeres,13511
2029,Zacatecas,30,Hombres,12520
2029,Zacatecas,30,Mujeres,13296
